year	id	country	requests	accounts	percentAccepted
2009	ARG	Argentina	98		
2009	AUS	Australia	155		
2009	BEL	Belgium	67		
2009	BRA	Brazil	3663		
2009	CAN	Canada	41		
2009	CHL	Chile	110		
2009	FRA	France	846		
2009	DEU	Germany	458		
2009	IND	India	1061		
2009	ISR	Israel	30		
2009	ITA	Italy	550		
2009	JPN	Japan	44		
2009	NLD	Netherlands	67		
2009	POL	Poland	86		
2009	PRT	Portugal	45		
2009	SGP	Singapore	62		
2009	KOR	South Korea	44		
2009	ESP	Spain	324		
2009	CHE	Switzerland	42		
2009	GBR	United Kingdom	1166		
2009	USA	United States	3580		
2010	ARG	Argentina	134		
2010	AUS	Australia	200		
2010	BEL	Belgium	71		
2010	BRA	Brazil	2435		
2010	CHL	Chile	115		
2010	FRA	France	1017		
2010	DEU	Germany	668		
2010	HKG	Hong Kong	50		
2010	IND	India	1430		
2010	ISR	Israel	30		
2010	ITA	Italy	651		
2010	JPN	Japan	56		
2010	PRT	Portugal	73		
2010	SGP	Singapore	106		
2010	KOR	South Korea	170		
2010	ESP	Spain	372		
2010	CHE	Switzerland	35		
2010	TWN	Taiwan	130		
2010	TUR	Turkey	51		
2010	GBR	United Kingdom	1343		
2010	USA	United States	4287		
2010	ARG	Argentina	127		40
2010	AUS	Australia	345		81
2010	BEL	Belgium	85		73
2010	BRA	Brazil	1804		76
2010	CAN	Canada	38		55
2010	CHL	Chile	121		66
2010	FRA	France	1021		56
2010	DEU	Germany	768		76
2010	HKG	Hong Kong	90		59
2010	HUN	Hungary	68		0
2010	IND	India	1699		79
2010	ISR	Israel	54		76
2010	ITA	Italy	837		60
2010	JPN	Japan	72		90
2010	MEX	Mexico	34		56
2010	NLD	Netherlands	43		67
2010	POL	Poland	272		12
2010	PRT	Portugal	92		43
2010	SGP	Singapore	118		88
2010	KOR	South Korea	190		45
2010	ESP	Spain	359		61
2010	TWN	Taiwan	156		65
2010	TUR	Turkey	45		0
2010	GBR	United Kingdom	1162		72
2010	USA	United States	4601		94
2011	ARG	Argentina	134	188	32
2011	AUS	Australia	361	412	73
2011	BEL	Belgium	90	111	67
2011	BRA	Brazil	703	1822	87
2011	CAN	Canada	50	75	48
2011	CHL	Chile	118	143	42
2011	FRA	France	1312	1552	47
2011	DEU	Germany	1065	1759	66
2011	HKG	Hong Kong	123	123	42
2011	HUN	Hungary	81	82	0
2011	IND	India	1739	2439	70
2011	ISR	Israel	60	67	60
2011	ITA	Italy	934	1263	60
2011	JPN	Japan	75	82	87
2011	MEX	Mexico	48	73	42
2011	NLD	Netherlands	64	213	48
2011	POL	Poland	266	319	11
2011	PRT	Portugal	161	323	50
2011	RUS	Russia	42	47	0
2011	SGP	Singapore	106	126	75
2011	KOR	South Korea	259	530	37
2011	ESP	Spain	460	709	63
2011	CHE	Switzerland	36	42	69
2011	TWN	Taiwan	155	267	81
2011	TUR	Turkey	73	74	0
2011	GBR	United Kingdom	1279	1444	63
2011	USA	United States	5950	11057	93
2011	ARG	Argentina	141	201	33
2011	AUS	Australia	444	496	65
2011	BEL	Belgium	99	124	67
2011	BRA	Brazil	1615	2222	90
2011	CAN	Canada	41	49	24
2011	CHL	Chile	117	186	43
2011	FRA	France	1404	1779	44
2011	DEU	Germany	1426	2027	45
2011	HKG	Hong Kong	202	202	51
2011	HUN	Hungary	73	79	0
2011	IND	India	2207	3427	66
2011	ISR	Israel	51	79	61
2011	ITA	Italy	844	1124	51
2011	JPN	Japan	90	117	59
2011	MEX	Mexico	67	115	25
2011	NLD	Netherlands	37	49	59
2011	NOR	Norway	49	61	69
2011	POL	Poland	241	297	22
2011	PRT	Portugal	147	196	29
2011	RUS	Russia	58	65	0
2011	SGP	Singapore	102	186	83
2011	KOR	South Korea	257	393	37
2011	ESP	Spain	388	610	51
2011	CHE	Switzerland	69	76	67
2011	TWN	Taiwan	224	303	75
2011	TUR	Turkey	88	92	0
2011	GBR	United Kingdom	1455	1764	64
2011	USA	United States	6321	12243	93
2012	ARG	Argentina	137	178	38
2012	AUS	Australia	523	841	64
2012	BEL	Belgium	107	127	67
2012	BRA	Brazil	1566	2640	76
2012	CAN	Canada	50	50	24
2012	CHL	Chile	101	143	45
2012	CZE	Czech Republic	44	44	32
2012	DNK	Denmark	32	32	78
2012	FRA	France	1546	1880	42
2012	DEU	Germany	1533	2007	39
2012	HKG	Hong Kong	192	192	33
2012	HUN	Hungary	92	139	0
2012	IND	India	2319	3467	64
2012	IRL	Ireland	34	34	6
2012	ISR	Israel	55	55	60
2012	ITA	Italy	841	1054	34
2012	JPN	Japan	104	133	86
2012	MEX	Mexico	71	136	45
2012	NLD	Netherlands	59	59	76
2012	NOR	Norway	37	37	70
2012	POL	Poland	351	458	21
2012	PRT	Portugal	184	247	14
2012	RUS	Russia	58	58	0
2012	SGP	Singapore	89	97	70
2012	KOR	South Korea	423	917	35
2012	ESP	Spain	531	1037	52
2012	CHE	Switzerland	82	113	68
2012	TWN	Taiwan	271	307	63
2012	TUR	Turkey	112	120	0
2012	GBR	United Kingdom	1425	1732	64
2012	USA	United States	7969	16281	90
2012	ARG	Argentina	114	175	38
2012	AUS	Australia	584	711	65
2012	BEL	Belgium	120	153	63
2012	BRA	Brazil	1211	2526	66
2012	CAN	Canada	38	77	24
2012	CHL	Chile	109	168	58
2012	CZE	Czech Republic	51	84	31
2012	DNK	Denmark	34	41	59
2012	FRA	France	1693	2063	44
2012	DEU	Germany	1550	1944	42
2012	HKG	Hong Kong	255	251	31
2012	HUN	Hungary	95	151	0
2012	IND	India	2431	4106	66
2012	ISR	Israel	56	66	59
2012	ITA	Italy	846	1051	34
2012	JPN	Japan	124	149	62
2012	MEX	Mexico	90	150	24
2012	POL	Poland	409	500	17
2012	PRT	Portugal	200	278	30
2012	RUS	Russia	97	123	1
2012	SGP	Singapore	96	153	75
2012	KOR	South Korea	355	771	30
2012	ESP	Spain	447	665	49
2012	CHE	Switzerland	49	59	67
2012	TWN	Taiwan	290	366	74
2012	TUR	Turkey	149	144	0
2012	GBR	United Kingdom	1458	1918	70
2012	USA	United States	758	1249	90
2012	USA	United States	1896	3152	88
2012	USA	United States	5784	10390	88
2013	ARG	Argentina	114	132	48
2013	AUS	Australia	645	807	64
2013	BEL	Belgium	194	289	66
2013	BRA	Brazil	1239	1515	65
2013	CAN	Canada	49	80	27
2013	CHL	Chile	106	166	51
2013	CZE	Czech Republic	63	67	41
2013	DNK	Denmark	37	56	65
2013	FRA	France	2011	2481	49
2013	DEU	Germany	2311	3079	48
2013	HKG	Hong Kong	253	259	34
2013	HUN	Hungary	86	104	0
2013	IND	India	2691	4161	64
2013	ISR	Israel	64	105	59
2013	ITA	Italy	901	1222	38
2013	JPN	Japan	194	266	58
2013	MEX	Mexico	83	98	39
2013	NLD	Netherlands	45	46	64
2013	POL	Poland	496	597	23
2013	PRT	Portugal	261	322	30
2013	RUS	Russia	103	130	0
2013	SGP	Singapore	111	141	59
2013	KOR	South Korea	357	1139	31
2013	ESP	Spain	647	954	55
2013	SWE	Sweden	36	71	33
2013	CHE	Switzerland	80	105	73
2013	TWN	Taiwan	306	444	66
2013	TUR	Turkey	204	163	0
2013	GBR	United Kingdom	1274	1818	67
2013	USA	United States	119	175	81
2013	USA	United States	671	1118	69
2013	USA	United States	207	332	89
2013	USA	United States	2456	4281	81
2013	USA	United States	7458	15770	84
2013	USA	United States	7	7	100
2013	ARG	Argentina	123	264	51
2013	AUS	Australia	780	944	70
2013	AUT	Austria	23	114	26
2013	BEL	Belgium	162	206	73
2013	BRA	Brazil	1085	1471	49
2013	BGR	Bulgaria	1	3	0
2013	CAN	Canada	52	75	25
2013	CHL	Chile	141	199	45
2013	CHN	China	1	5	0
2013	COL	Colombia	14	17	0
2013	CRI	Costa Rica	1	1	0
2013	HRV	Croatia	3	6	0
2013	CZE	Czech Republic	74	88	39
2013	CIV	Ivory Coast	2	2	0
2013	DNK	Denmark	58	65	62
2013	ECU	Ecuador	3	4	0
2013	EST	Estonia	2	4	50
2013	FIN	Finland	13	48	92
2013	FRA	France	2750	3378	51
2013	GEO	Georgia	2	4	0
2013	DEU	Germany	2660	3255	40
2013	GRC	Greece	13	29	15
2013	HKG	Hong Kong	347	356	37
2013	HUN	Hungary	42	42	0
2013	IND	India	2513	4401	66
2013	IRL	Ireland	15	51	27
2013	ISR	Israel	43	68	65
2013	ITA	Italy	896	1084	42
2013	JPN	Japan	111	134	60
2013	KEN	Kenya	8	11	63
2013	LBN	Lebanon	3	4	0
2013	210	Liechtenstein	1	1	0
2013	LTU	Lithuania	11	18	64
2013	168	Macau	3	5	0
2013	MYS	Malaysia	2	2	0
2013	173	Malta	54	60	83
2013	153	Mauritius	1	1	0
2013	MEX	Mexico	81	120	64
2013	NLD	Netherlands	53	63	75
2013	NZL	New Zealand	14	17	57
2013	NGA	Nigeria	2	2	0
2013	NOR	Norway	37	51	73
2013	PAK	Pakistan	3	3	0
2013	PER	Peru	2	4	0
2013	POL	Poland	502	740	23
2013	PRT	Portugal	283	347	45
2013	ROU	Romania	16	33	56
2013	RUS	Russia	90	202	3
2013	SGP	Singapore	755	847	68
2013	SVK	Slovakia	34	37	15
2013	SVN	Slovenia	1	1	0
2013	ZAF	South Africa	2	2	0
2013	KOR	South Korea	353	619	31
2013	ESP	Spain	545	761	53
2013	SWE	Sweden	18	19	28
2013	CHE	Switzerland	111	174	67
2013	TWN	Taiwan	439	580	61
2013	THA	Thailand	14	19	0
2013	TTO	Trinidad and Tobago	1	5	0
2013	TUR	Turkey	133	182	1
2013	UKR	Ukraine	1	1	0
2013	ARE	United Arab Emirates	2	2	0
2013	GBR	United Kingdom	1397	3142	69
2013	USA	United States	153	217	78
2013	USA	United States	689	1588	75
2013	USA	United States	140	259	90
2013	USA	United States	2537	4180	81
2013	USA	United States	7044	11999	84
2013	USA	United States	11	11	100
2013	235	Vatican City	1	1	0
2014	ALB	Albania	1	2	0
2014	ARG	Argentina	139	177	55
2014	AUS	Australia	752	844	66
2014	AUT	Austria	47	58	34
2014	BEL	Belgium	213	513	73
2014	BRA	Brazil	684	1014	55
2014	BGR	Bulgaria	1	2	0
2014	CAN	Canada	27	33	33
2014	CHL	Chile	137	183	39
2014	CHN	China	2	4	50
2014	COL	Colombia	14	21	7
2014	CRI	Costa Rica	0	0	0
2014	HRV	Croatia	1	1	0
2014	CZE	Czech Republic	99	154	57
2014	DNK	Denmark	52	68	50
2014	DOM	Dominican Republic	2	2	0
2014	ECU	Ecuador	1	1	0
2014	EGY	Egypt	1	1	0
2014	EST	Estonia	3	3	67
2014	FIN	Finland	17	31	94
2014	FRA	France	3002	3826	59
2014	DEU	Germany	3338	4272	48
2014	GRC	Greece	16	41	38
2014	204	Guernsey	2	6	50
2014	HKG	Hong Kong	359	371	48
2014	HUN	Hungary	17	23	0
2014	ISL	Iceland	0	0	0
2014	IND	India	2794	5002	61
2014	IDN	Indonesia	1	1	0
2014	IRL	Ireland	10	10	30
2014	ISR	Israel	88	112	66
2014	ITA	Italy	1108	1401	43
2014	JPN	Japan	121	164	77
2014	KEN	Kenya	2	2	0
2014	OSA	Kosovo	1	2	0
2014	210	Liechtenstein	2	2	0
2014	LTU	Lithuania	6	7	83
2014	LUX	Luxembourg	1	2	0
2014	168	Macau	5	7	0
2014	MYS	Malaysia	15	20	0
2014	174	Maldives	2	5	0
2014	173	Malta	42	53	67
2014	MEX	Mexico	111	144	71
2014	NAM	Namibia	1	1	0
2014	NPL	Nepal	1	2	0
2014	NLD	Netherlands	72	95	82
2014	NZL	New Zealand	24	45	79
2014	NGA	Nigeria	3	5	0
2014	NOR	Norway	45	68	56
2014	PAK	Pakistan	7	11	0
2014	PRY	Paraguay	0	0	0
2014	PER	Peru	5	6	0
2014	POL	Poland	591	767	28
2014	PRT	Portugal	338	398	53
2014	ROU	Romania	20	56	60
2014	RUS	Russia	93	114	10
2014	SGP	Singapore	1086	1125	61
2014	SVK	Slovakia	29	50	7
2014	SVN	Slovenia	4	4	50
2014	ZAF	South Africa	7	7	0
2014	KOR	South Korea	416	919	29
2014	ESP	Spain	696	921	46
2014	SWE	Sweden	42	94	31
2014	CHE	Switzerland	124	159	68
2014	TWN	Taiwan	548	678	3
2014	THA	Thailand	10	15	0
2014	TUR	Turkey	224	905	0
2014	UKR	Ukraine	2	18	50
2014	GBR	United Kingdom	1535	1991	72
2014	USA	United States	171	241	65
2014	USA	United States	798	1333	78
2014	USA	United States	165	227	91
2014	USA	United States	3187	5849	84
2014	USA	United States	8211	13917	84
2014	USA	United States	7	9	100
2014	ALB	Albania	1	1	0
2014	ARG	Argentina	1	2	100
2014	ARG	Argentina	186	223	54
2014	ARG	Argentina	3	8	
2014	ARM	Armenia	1	1	0
2014	AUS	Australia	1	1	100
2014	AUS	Australia	958	1068	66
2014	AUS	Australia	94	133	
2014	AUT	Austria	24	31	13
2014	BEL	Belgium	6	8	67
2014	BEL	Belgium	208	289	67
2014	BEL	Belgium	7	13	
2014	BIH	Bosnia and Herzegovina	1	1	0
2014	BRA	Brazil	784	1247	52
2014	BRA	Brazil	24	47	
2014	CAN	Canada	18	19	78
2014	CAN	Canada	26	27	23
2014	CAN	Canada	26	50	
2014	CHL	Chile	175	359	47
2014	CHN	China	1	35	0
2014	COL	Colombia	6	7	33
2014	COL	Colombia	13	17	0
2014	COL	Colombia	3	4	
2014	CRI	Costa Rica	2	2	
2014	HRV	Croatia	2	3	0
2014	CZE	Czech Republic	117	163	50
2014	CZE	Czech Republic	4	10	
2014	DNK	Denmark	1	1	0
2014	DNK	Denmark	66	77	55
2014	DNK	Denmark	1	1	
2014	ECU	Ecuador	1	1	0
2014	EGY	Egypt	1	2	0
2014	EST	Estonia	5	6	20
2014	FIN	Finland	18	32	72
2014	FIN	Finland	2	3	
2014	FRA	France	4	4	50
2014	FRA	France	3069	3748	57
2014	FRA	France	6	6	
2014	DEU	Germany	2	2	50
2014	DEU	Germany	3112	3876	53
2014	DEU	Germany	25	30	
2014	GRC	Greece	9	8	44
2014	GRC	Greece	13	29	31
2014	HKG	Hong Kong	367	407	43
2014	HUN	Hungary	21	27	0
2014	HUN	Hungary	1	1	
2014	IND	India	12	15	42
2014	IND	India	3100	4669	61
2014	IND	India	19	68	
2014	IRL	Ireland	1	1	100
2014	IRL	Ireland	6	77	50
2014	IRL	Ireland	17	82	
2014	ISR	Israel	2	2	0
2014	ISR	Israel	94	110	71
2014	ISR	Israel	1	1	
2014	ITA	Italy	5	5	40
2014	ITA	Italy	909	1125	45
2014	ITA	Italy	14	29	
2014	JPN	Japan	4	5	50
2014	JPN	Japan	127	231	82
2014	JPN	Japan	56	143	
2014	KAZ	Kazakhstan	1	1	0
2014	KEN	Kenya	1	1	0
2014	KEN	Kenya	4	4	0
2014	LVA	Latvia	0	0	0
2014	LTU	Lithuania	6	7	67
2014	168	Macau	3	3	0
2014	MYS	Malaysia	11	15	0
2014	173	Malta	57	61	51
2014	MEX	Mexico	4	7	50
2014	MEX	Mexico	152	184	49
2014	MDA	Moldova	1	1	0
2014	NLD	Netherlands	1	1	0
2014	NLD	Netherlands	139	143	81
2014	NLD	Netherlands	5	10	
2014	NZL	New Zealand	1	1	100
2014	NZL	New Zealand	40	64	70
2014	NZL	New Zealand	2	4	
2014	NGA	Nigeria	1	1	0
2014	NOR	Norway	48	75	48
2014	NOR	Norway	4	5	
2014	PAK	Pakistan	1	1	0
2014	PER	Peru	8	8	0
2014	PHL	Philippines	1	1	0
2014	PHL	Philippines	1	1	0
2014	POL	Poland	10	13	40
2014	POL	Poland	445	571	31
2014	POL	Poland	2	3	
2014	PRT	Portugal	309	381	54
2014	PRT	Portugal	7	10	
2014	ROU	Romania	29	65	48
2014	RUS	Russia	134	220	5
2014	SRB	Serbia	1	5	0
2014	SGP	Singapore	1410	1471	68
2014	SVK	Slovakia	33	42	9
2014	SVN	Slovenia	1	1	100
2014	ZAF	South Africa	3	4	0
2014	ZAF	South Africa	3	3	
2014	KOR	South Korea	325	2545	38
2014	ESP	Spain	1	3	100
2014	ESP	Spain	697	958	53
2014	ESP	Spain	3	4	
2014	SWE	Sweden	22	25	41
2014	SWE	Sweden	3	3	
2014	CHE	Switzerland	130	185	65
2014	CHE	Switzerland	2	2	
2014	TWN	Taiwan	1	1	0
2014	TWN	Taiwan	216	306	30
2014	THA	Thailand	4	4	0
2014	188	Tonga	1	1	0
2014	TUR	Turkey	344	1498	0
2014	TUR	Turkey	1	2	
2014	UKR	Ukraine	1	2	0
2014	UKR	Ukraine	2	2	0
2014	GBR	United Kingdom	190	352	94
2014	GBR	United Kingdom	1890	2403	73
2014	GBR	United Kingdom	70	123	
2014	USA	United States	171	272	80
2014	USA	United States	758	1472	75
2014	USA	United States	165	261	95
2014	USA	United States	4290	17028	
2014	USA	United States	3127	5827	83
2014	USA	United States	5755	13141	76
2014	USA	United States	5	13	80
2014	VNM	Vietnam	1	1	0
2015	ARG	Argentina	1	1	100
2015	ARG	Argentina	243	284	50
2015	AUS	Australia	6	6	67
2015	AUS	Australia	1074	1184	70
2015	AUS	Australia	104	163	
2015	AUT	Austria	33	40	21
2015	AUT	Austria	1	2	
2015	AZE	Azerbaijan	1	1	0
2015	BEL	Belgium	2	2	100
2015	BEL	Belgium	241	309	71
2015	BEL	Belgium	8	9	
2015	BIH	Bosnia and Herzegovina	2	2	0
2015	BRA	Brazil	774	1547	57
2015	BRA	Brazil	10	13	
2015	BRN	Brunei	1	1	0
2015	BGR	Bulgaria	3	3	0
2015	CAN	Canada	18	21	83
2015	CAN	Canada	23	24	35
2015	CAN	Canada	35	60	
2015	CHL	Chile	192	295	54
2015	CHL	Chile	1	4	
2015	COL	Colombia	17	28	29
2015	COL	Colombia	16	17	0
2015	COL	Colombia	6	8	
2015	CRI	Costa Rica	1	1	0
2015	CRI	Costa Rica	3	3	
2015	CYP	Cyprus	1	1	0
2015	CZE	Czech Republic	1	1	0
2015	CZE	Czech Republic	133	166	53
2015	CZE	Czech Republic	6	11	
2015	DNK	Denmark	55	79	55
2015	DNK	Denmark	1	14	
2015	EST	Estonia	11	14	91
2015	FIN	Finland	27	50	70
2015	FIN	Finland	6	8	
2015	FRA	France	7	7	57
2015	FRA	France	3482	4153	56
2015	FRA	France	6	14	
2015	DEU	Germany	9	10	56
2015	DEU	Germany	3894	6447	58
2015	DEU	Germany	24	28	
2015	GRC	Greece	14	19	57
2015	GRC	Greece	25	40	60
2015	GRC	Greece	4	5	
2015	HKG	Hong Kong	246	402	35
2015	HUN	Hungary	50	59	0
2015	IND	India	6	9	17
2015	IND	India	3081	4820	44
2015	IND	India	19	54	
2015	IDN	Indonesia	2	2	0
2015	IRL	Ireland	2	2	0
2015	IRL	Ireland	12	128	17
2015	IRL	Ireland	20	36	
2015	ISR	Israel	1	1	0
2015	ISR	Israel	145	192	61
2015	ITA	Italy	2	2	0
2015	ITA	Italy	956	1240	43
2015	ITA	Italy	10	17	
2015	JPN	Japan	20	27	70
2015	JPN	Japan	134	259	83
2015	JPN	Japan	53	156	
2015	KAZ	Kazakhstan	1	1	0
2015	KEN	Kenya	1	1	0
2015	KEN	Kenya	2	6	0
2015	OSA	Kosovo	1	1	0
2015	LVA	Latvia	0	0	0
2015	LTU	Lithuania	32	46	59
2015	LTU	Lithuania	1	10	
2015	LUX	Luxembourg	4	6	
2015	168	Macau	2	2	0
2015	MKD	Macedonia	4	6	0
2015	MKD	Macedonia	3	11	
2015	MYS	Malaysia	2	3	50
2015	MYS	Malaysia	3	3	0
2015	174	Maldives	1	1	100
2015	174	Maldives	3	3	0
2015	173	Malta	112	121	54
2015	MEX	Mexico	2	3	0
2015	MEX	Mexico	162	305	45
2015	MDA	Moldova	1	1	100
2015	MDA	Moldova	3	5	0
2015	NPL	Nepal	1	2	0
2015	NLD	Netherlands	6	7	67
2015	NLD	Netherlands	156	159	74
2015	NLD	Netherlands	6	6	
2015	NZL	New Zealand	4	8	25
2015	NZL	New Zealand	36	82	69
2015	NZL	New Zealand	2	4	
2015	NGA	Nigeria	1	3	0
2015	NOR	Norway	35	41	66
2015	NOR	Norway	2	2	
2015	PAK	Pakistan	2	2	50
2015	PAK	Pakistan	2	2	0
2015	PAK	Pakistan	1	1	
2015	POL	Poland	8	8	63
2015	POL	Poland	621	831	24
2015	POL	Poland	1	1	
2015	PRT	Portugal	550	618	54
2015	PRT	Portugal	13	14	
2015	ROU	Romania	25	55	56
2015	RUS	Russia	207	286	5
2015	SRB	Serbia	2	2	50
2015	SRB	Serbia	1	1	0
2015	196	Seychelles	1	1	0
2015	SGP	Singapore	3	4	100
2015	SGP	Singapore	1405	1515	77
2015	SGP	Singapore	1	1	
2015	SVK	Slovakia	47	56	23
2015	SVN	Slovenia	3	4	67
2015	SVN	Slovenia	1	1	
2015	ZAF	South Africa	1	1	0
2015	KOR	South Korea	7	11	29
2015	KOR	South Korea	299	3406	36
2015	ESP	Spain	715	941	51
2015	ESP	Spain	3	4	
2015	SWE	Sweden	3	3	33
2015	SWE	Sweden	28	47	36
2015	SWE	Sweden	4	5	
2015	CHE	Switzerland	1	1	0
2015	CHE	Switzerland	136	206	54
2015	CHE	Switzerland	2	2	
2015	TWN	Taiwan	181	289	42
2015	TWN	Taiwan	1	2	
2015	THA	Thailand	8	9	0
2015	TUR	Turkey	425	503	0
2015	TUR	Turkey	1	1	
2015	GBR	United Kingdom	302	1366	92
2015	GBR	United Kingdom	2844	4690	73
2015	GBR	United Kingdom	67	140	
2015		United Nations	1	1	0
2015	USA	United States	236	351	69
2015	USA	United States	929	2310	78
2015	USA	United States	212	279	88
2015	USA	United States	5052	11985	
2015	USA	United States	3588	6730	85
2015	USA	United States	7032	21667	74
2015	USA	United States	5	6	100
2015	ARG	Argentina	436	569	59
2015	AUS	Australia	8	16	25
2015	AUS	Australia	1250	1513	70
2015	AUS	Australia	76	100	
2015	AUT	Austria	30	39	37
2015	BGD	Bangladesh	4	9	100
2015	BGD	Bangladesh	3	4	0
2015	BEL	Belgium	6	16	50
2015	BEL	Belgium	262	334	73
2015	BEL	Belgium	7	10	
2015	201	Bermuda	1	4	
2015	BTN	Bhutan	1	1	0
2015	BIH	Bosnia and Herzegovina	1	1	100
2015	BRA	Brazil	912	2041	57
2015	BRA	Brazil	26	111	
2015	BGR	Bulgaria	2	2	0
2015	CAN	Canada	29	35	69
2015	CAN	Canada	31	53	35
2015	CAN	Canada	51	163	
2015	CHL	Chile	183	270	46
2015	COL	Colombia	8	13	13
2015	COL	Colombia	24	26	0
2015	COL	Colombia	4	4	
2015	CRI	Costa Rica	1	1	0
2015	CRI	Costa Rica	6	6	
2015	CZE	Czech Republic	2	2	100
2015	CZE	Czech Republic	126	180	57
2015	CZE	Czech Republic	2	2	
2015	DNK	Denmark	1	1	100
2015	DNK	Denmark	56	88	30
2015	DNK	Denmark	4	6	
2015	DOM	Dominican Republic	1	2	0
2015	DOM	Dominican Republic	1	1	0
2015	ECU	Ecuador	1	1	0
2015	EST	Estonia	1	1	0
2015	EST	Estonia	26	37	65
2015	EST	Estonia	1	2	
2015	FIN	Finland	1	1	0
2015	FIN	Finland	51	78	75
2015	FIN	Finland	3	4	
2015	FRA	France	14	21	29
2015	FRA	France	4160	5105	59
2015	FRA	France	5	5	
2015	DEU	Germany	26	29	62
2015	DEU	Germany	7465	11533	57
2015	DEU	Germany	12	13	
2015	GHA	Ghana	2	4	0
2015	GRC	Greece	9	9	44
2015	GRC	Greece	21	24	38
2015	GRC	Greece	1	1	
2015	204	Guernsey	2	2	50
2015	HKG	Hong Kong	3	3	67
2015	HKG	Hong Kong	135	194	42
2015	HUN	Hungary	53	67	0
2015	IND	India	5	5	0
2015	IND	India	3260	5260	49
2015	IND	India	8	11	
2015	IDN	Indonesia	4	4	0
2015	IRL	Ireland	1	1	0
2015	IRL	Ireland	14	12113	43
2015	IRL	Ireland	23	40	
2015	199	Isle of Man	1	1	0
2015	ISR	Israel	17	17	12
2015	ISR	Israel	105	139	61
2015	ISR	Israel	1	2	
2015	ITA	Italy	897	1124	41
2015	ITA	Italy	6	10	
2015	JPN	Japan	13	13	69
2015	JPN	Japan	150	266	87
2015	JPN	Japan	42	56	
2015	JOR	Jordan	1	1	
2015	KAZ	Kazakhstan	2	2	0
2015	KEN	Kenya	1	3	0
2015	OSA	Kosovo	2	2	0
2015	LVA	Latvia	0	0	0
2015	LTU	Lithuania	3	3	67
2015	LTU	Lithuania	43	272	60
2015	LTU	Lithuania	3	15	
2015	LUX	Luxembourg	1	1	100
2015	LUX	Luxembourg	2	2	
2015	168	Macau	1	1	0
2015	MYS	Malaysia	1	1	0
2015	MYS	Malaysia	4	6	0
2015	174	Maldives	2	3	100
2015	174	Maldives	2	2	0
2015	173	Malta	80	85	71
2015	MEX	Mexico	3	3	33
2015	MEX	Mexico	156	209	54
2015	MDA	Moldova	1	1	100
2015	212	Monaco	3	4	0
2015	NPL	Nepal	2	2	0
2015	NLD	Netherlands	2	5	0
2015	NLD	Netherlands	208	211	69
2015	NLD	Netherlands	18	19	
2015	NZL	New Zealand	23	77	61
2015	NZL	New Zealand	5	10	
2015	NOR	Norway	70	116	61
2015	NOR	Norway	1	2	
2015	PAK	Pakistan	1	1	0
2015	PER	Peru	2	2	0
2015	POL	Poland	8	8	75
2015	POL	Poland	480	570	34
2015	PRT	Portugal	587	698	58
2015	PRT	Portugal	12	14	
2015	ROU	Romania	14	21	57
2015	RUS	Russia	257	433	7
2015	SRB	Serbia	1	1	0
2015	SRB	Serbia	1	1	0
2015	SGP	Singapore	4	4	75
2015	SGP	Singapore	1377	1522	66
2015	SVK	Slovakia	30	39	17
2015	SVN	Slovenia	8	11	100
2015	SVN	Slovenia	1	1	
2015	KOR	South Korea	2	2	100
2015	KOR	South Korea	254	1524	39
2015	ESP	Spain	2	2	50
2015	ESP	Spain	597	846	52
2015	ESP	Spain	1	1	
2015	LKA	Sri Lanka	1	1	0
2015	SWE	Sweden	1	1	100
2015	SWE	Sweden	42	75	57
2015	SWE	Sweden	2	3	
2015	CHE	Switzerland	69	99	13
2015	CHE	Switzerland	7	14	
2015	TWN	Taiwan	3	3	67
2015	TWN	Taiwan	138	181	49
2015	THA	Thailand	1	1	0
2015	THA	Thailand	10	11	0
2015	TUR	Turkey	333	398	0
2015	UKR	Ukraine	3	9	0
2015	ARE	United Arab Emirates	2	3	50
2015	GBR	United Kingdom	224	1139	95
2015	GBR	United Kingdom	3273	4266	70
2015	GBR	United Kingdom	67	128	
2015	USA	United States	250	359	74
2015	USA	United States	1056	3387	72
2015	USA	United States	241	439	92
2015	USA	United States	5139	12065	
2015	USA	United States	3716	9412	85
2015	USA	United States	7250	13549	76
2015	USA	United States	10	11	100
2015	URY	Uruguay	1	1	0
2015	235	Vatican City	2	2	0
2015	VNM	Vietnam	1	1	0
2016	ALB	Albania	1	1	0
2016	DZA	Algeria	1	1	0
2016	ARG	Argentina	401	513	56
2016	ARG	Argentina	2	10	
2016	AUS	Australia	7	8	57
2016	AUS	Australia	1233	1333	68
2016	AUS	Australia	78	91	
2016	AUT	Austria	1	1	100
2016	AUT	Austria	40	54	43
2016	BGD	Bangladesh	2	3	50
2016	BLR	Belarus	1	5	0
2016	BEL	Belgium	8	8	38
2016	BEL	Belgium	240	318	73
2016	BEL	Belgium	13	17	
2016	BRA	Brazil	1	1	100
2016	BRA	Brazil	873	2438	59
2016	BRA	Brazil	24	74	
2016	BGR	Bulgaria	5	6	0
2016	CAN	Canada	52	85	73
2016	CAN	Canada	22	36	23
2016	CAN	Canada	61	132	
2016	206	Cayman Islands	1	2	0
2016	CHL	Chile	257	393	42
2016	COL	Colombia	11	25	18
2016	COL	Colombia	27	50	0
2016	COL	Colombia	4	4	
2016	CRI	Costa Rica	14	18	
2016	CZE	Czech Republic	4	5	100
2016	CZE	Czech Republic	165	253	58
2016	CZE	Czech Republic	9	11	
2016	DNK	Denmark	1	1	100
2016	DNK	Denmark	57	95	11
2016	DNK	Denmark	3	6	
2016	DOM	Dominican Republic	1	1	0
2016	ECU	Ecuador	4	12	0
2016	SLV	El Salvador	2	2	0
2016	EST	Estonia	29	35	59
2016	EST	Estonia	1	2	
2016	FJI	Fiji	1	1	0
2016	FIN	Finland	4	4	0
2016	FIN	Finland	38	62	74
2016	FIN	Finland	3	7	
2016	FRA	France	14	21	36
2016	FRA	France	4286	5164	60
2016	FRA	France	3	3	
2016	GEO	Georgia	4	8	0
2016	DEU	Germany	21	23	52
2016	DEU	Germany	8767	13402	59
2016	DEU	Germany	13	15	
2016	GRC	Greece	14	14	64
2016	GRC	Greece	33	44	36
2016	GRC	Greece	10	14	
2016	HKG	Hong Kong	1	1	0
2016	HKG	Hong Kong	162	216	54
2016	HUN	Hungary	166	218	0
2016	HUN	Hungary	1	1	
2016	IND	India	14	24	36
2016	IND	India	3438	6183	55
2016	IND	India	12	64	
2016	IDN	Indonesia	1	2	0
2016	IDN	Indonesia	4	5	0
2016	IRL	Ireland	19	62	16
2016	IRL	Ireland	31	50	
2016	ISR	Israel	42	42	52
2016	ISR	Israel	131	177	53
2016	ITA	Italy	3	3	33
2016	ITA	Italy	1089	1466	38
2016	ITA	Italy	17	31	
2016	JPN	Japan	14	17	29
2016	JPN	Japan	196	577	69
2016	JPN	Japan	77	191	
2016	KAZ	Kazakhstan	1	1	0
2016	KEN	Kenya	1	3	0
2016	LVA	Latvia	2	2	50
2016	LTU	Lithuania	3	4	67
2016	LTU	Lithuania	29	52	34
2016	LTU	Lithuania	4	29	
2016	LUX	Luxembourg	2	2	
2016	168	Macau	2	3	0
2016	MKD	Macedonia	7	13	0
2016	MYS	Malaysia	2	9	0
2016	174	Maldives	1	1	0
2016	173	Malta	75	82	60
2016	153	Mauritius	1	1	0
2016	MEX	Mexico	173	245	60
2016	MDA	Moldova	3	3	0
2016	212	Monaco	1	1	0
2016	NPL	Nepal	2	2	0
2016	NLD	Netherlands	6	7	67
2016	NLD	Netherlands	262	273	67
2016	NLD	Netherlands	21	23	
2016	NZL	New Zealand	1	1	100
2016	NZL	New Zealand	34	58	59
2016	NZL	New Zealand	5	15	
2016	NOR	Norway	116	202	68
2016	NOR	Norway	8	11	
2016	PAK	Pakistan	1	1	100
2016	PAK	Pakistan	7	9	0
2016	PER	Peru	1	1	0
2016	PHL	Philippines	1	1	0
2016	PHL	Philippines	2	2	
2016	POL	Poland	16	36	50
2016	POL	Poland	481	855	33
2016	POL	Poland	1	1	
2016	PRT	Portugal	731	860	63
2016	PRT	Portugal	14	19	
2016	ROU	Romania	17	27	47
2016	RUS	Russia	237	328	7
2016	SAU	Saudi Arabia	8	20	0
2016	SRB	Serbia	2	2	0
2016	SRB	Serbia	1	1	0
2016	SRB	Serbia	1	1	
2016	SGP	Singapore	3	5	100
2016	SGP	Singapore	1460	1617	66
2016	SVK	Slovakia	38	40	11
2016	SVN	Slovenia	20	90	50
2016	SVN	Slovenia	3	49	
2016	ZAF	South Africa	2	2	50
2016	ZAF	South Africa	1	1	0
2016	KOR	South Korea	2	9	0
2016	KOR	South Korea	350	987	40
2016	KOR	South Korea	2	5	
2016	ESP	Spain	1	1	100
2016	ESP	Spain	775	1045	47
2016	ESP	Spain	12	19	
2016	SWE	Sweden	1	1	100
2016	SWE	Sweden	81	108	57
2016	SWE	Sweden	4	14	
2016	CHE	Switzerland	5	5	100
2016	CHE	Switzerland	68	102	34
2016	CHE	Switzerland	5	24	
2016	TWN	Taiwan	127	220	54
2016	THA	Thailand	5	5	0
2016	TUR	Turkey	2	3	100
2016	TUR	Turkey	388	592	0
2016	TUR	Turkey	2	2	
2016	UKR	Ukraine	1	1	0
2016	UKR	Ukraine	5	8	20
2016	ARE	United Arab Emirates	3	3	67
2016	ARE	United Arab Emirates	1	1	0
2016	GBR	United Kingdom	258	1523	83
2016	GBR	United Kingdom	3044	3696	69
2016	GBR	United Kingdom	71	106	
2016	USA	United States	259	418	76
2016	USA	United States	1208	4416	73
2016	USA	United States	266	412	93
2016	USA	United States	5819	13473	
2016	USA	United States	4246	8090	85
2016	USA	United States	8182	16780	76
2016	USA	United States	7	7	100
2016	ARG	Argentina	415	592	60
2016	ARG	Argentina	3	4	
2016	AUS	Australia	8	10	63
2016	AUS	Australia	1399	1480	67
2016	AUS	Australia	74	113	
2016	AUT	Austria	44	64	43
2016	BGD	Bangladesh	1	1	100
2016	BGD	Bangladesh	2	2	0
2016	BEL	Belgium	4	4	50
2016	BEL	Belgium	255	300	71
2016	BEL	Belgium	5	5	
2016	BIH	Bosnia and Herzegovina	2	4	
2016	BRA	Brazil	1	1	100
2016	BRA	Brazil	1010	2448	60
2016	BRA	Brazil	34	89	
2016	BGR	Bulgaria	2	3	0
2016	BGR	Bulgaria	1	1	
2016	CAN	Canada	38	57	79
2016	CAN	Canada	16	33	38
2016	CAN	Canada	60	88	
2016	206	Cayman Islands	1	1	
2016	CHL	Chile	204	261	48
2016	CHL	Chile	2	2	
2016	COL	Colombia	8	10	38
2016	COL	Colombia	22	37	0
2016	COL	Colombia	3	5	
2016	CRI	Costa Rica	11	13	
2016	HRV	Croatia	1	2	0
2016	CYP	Cyprus	1	2	0
2016	CZE	Czech Republic	1	1	100
2016	CZE	Czech Republic	167	237	62
2016	CZE	Czech Republic	6	6	
2016	DNK	Denmark	1	2	100
2016	DNK	Denmark	50	71	20
2016	DNK	Denmark	2	2	
2016	SLV	El Salvador	1	1	0
2016	EST	Estonia	1	1	0
2016	EST	Estonia	31	57	68
2016	EST	Estonia	1	4	
2016	FIN	Finland	40	48	75
2016	FRA	France	18	29	56
2016	FRA	France	4757	5709	63
2016	FRA	France	2	2	
2016	GEO	Georgia	1	2	
2016	DEU	Germany	27	43	56
2016	DEU	Germany	9898	13277	45
2016	DEU	Germany	14	37	
2016	GRC	Greece	13	13	92
2016	GRC	Greece	65	91	38
2016	GRC	Greece	9	11	
2016	GTM	Guatemala	2	2	0
2016	GTM	Guatemala	1	1	
2016	HKG	Hong Kong	1	1	0
2016	HKG	Hong Kong	142	200	56
2016	HKG	Hong Kong	1	1	
2016	HUN	Hungary	59	72	0
2016	HUN	Hungary	1	1	
2016	IND	India	9	12	22
2016	IND	India	3440	6381	57
2016	IND	India	22	102	
2016	IDN	Indonesia	5	17	0
2016	IRL	Ireland	2	2	50
2016	IRL	Ireland	17	32	18
2016	IRL	Ireland	28	54	
2016	ISR	Israel	72	75	65
2016	ISR	Israel	137	191	69
2016	ITA	Italy	1	1	0
2016	ITA	Italy	1033	1485	37
2016	ITA	Italy	7	16	
2016	JPN	Japan	13	13	69
2016	JPN	Japan	170	322	88
2016	JPN	Japan	25	52	
2016	KEN	Kenya	1	1	0
2016	OSA	Kosovo	4	4	100
2016	LVA	Latvia	2	3	0
2016	LVA	Latvia	1	2	
2016	LBN	Lebanon	1	1	0
2016	LTU	Lithuania	35	70	43
2016	LTU	Lithuania	3	12	
2016	LUX	Luxembourg	5	14	
2016	MKD	Macedonia	1	1	0
2016	MYS	Malaysia	1	1	100
2016	MYS	Malaysia	1	1	0
2016	174	Maldives	1	1	0
2016	173	Malta	64	93	59
2016	MEX	Mexico	2	2	0
2016	MEX	Mexico	177	228	54
2016	MDA	Moldova	3	3	0
2016	NLD	Netherlands	7	8	86
2016	NLD	Netherlands	224	243	58
2016	NLD	Netherlands	24	53	
2016	NZL	New Zealand	5	6	60
2016	NZL	New Zealand	29	34	66
2016	NZL	New Zealand	1	1	
2016	NGA	Nigeria	1	5	100
2016	NOR	Norway	84	100	82
2016	NOR	Norway	6	11	
2016	PAK	Pakistan	9	11	0
2016	PER	Peru	2	2	0
2016	PHL	Philippines	1	1	0
2016	PHL	Philippines	1	1	0
2016	POL	Poland	24	43	63
2016	POL	Poland	475	791	32
2016	POL	Poland	3	4	
2016	PRT	Portugal	610	702	66
2016	PRT	Portugal	12	12	
2016	ROU	Romania	28	70	46
2016	RUS	Russia	234	392	15
2016	RUS	Russia	1	1	
2016	SEN	Senegal	1	1	0
2016	SRB	Serbia	3	4	33
2016	SRB	Serbia	3	4	0
2016	SGP	Singapore	5	6	60
2016	SGP	Singapore	1080	1601	24
2016	SVK	Slovakia	57	65	0
2016	SVN	Slovenia	17	60	29
2016	SVN	Slovenia	1	3	
2016	KOR	South Korea	3	4	33
2016	KOR	South Korea	357	733	43
2016	ESP	Spain	1	1	100
2016	ESP	Spain	728	965	39
2016	ESP	Spain	8	13	
2016	SWE	Sweden	1	1	100
2016	SWE	Sweden	111	158	68
2016	SWE	Sweden	7	9	
2016	CHE	Switzerland	1	1	0
2016	CHE	Switzerland	99	135	39
2016	CHE	Switzerland	1	2	
2016	TWN	Taiwan	151	203	53
2016	TWN	Taiwan	1	1	
2016	THA	Thailand	3	3	0
2016	TUR	Turkey	1	1	100
2016	TUR	Turkey	430	898	0
2016	UKR	Ukraine	4	28	50
2016	UKR	Ukraine	1	2	
2016	ARE	United Arab Emirates	3	4	33
2016	GBR	United Kingdom	280	1367	82
2016	GBR	United Kingdom	2897	4047	70
2016	GBR	United Kingdom	60	117	
2016	USA	United States	392	598	78
2016	USA	United States	1154	3549	77
2016	USA	United States	252	417	94
2016	USA	United States	5717	12256	
2016	USA	United States	4018	7795	85
2016	USA	United States	7855	14897	76
2016	USA	United States	11	16	91
2016	URY	Uruguay	1	1	0
2017	ARG	Argentina	2	2	50
2017	ARG	Argentina	489	645	63
2017	ARG	Argentina	12	20	
2017	ARM	Armenia	1	1	0
2017	AUS	Australia	12	15	50
2017	AUS	Australia	1330	1410	67
2017	AUS	Australia	66	153	
2017	AUT	Austria	1	2	100
2017	AUT	Austria	70	89	56
2017	163	Bahrain	1	1	0
2017	BGD	Bangladesh	3	3	67
2017	BGD	Bangladesh	5	6	0
2017	BLR	Belarus	1	1	0
2017	BEL	Belgium	2	2	100
2017	BEL	Belgium	277	347	71
2017	BEL	Belgium	12	25	
2017	BRA	Brazil	1	1	100
2017	BRA	Brazil	1045	3130	59
2017	BRA	Brazil	31	68	
2017	BGR	Bulgaria	6	9	17
2017	CAN	Canada	53	77	83
2017	CAN	Canada	17	24	47
2017	CAN	Canada	50	96	
2017	CHL	Chile	205	333	51
2017	CHL	Chile	3	19	
2017	COL	Colombia	13	17	8
2017	COL	Colombia	41	66	0
2017	COL	Colombia	4	4	
2017	CRI	Costa Rica	17	31	
2017	HRV	Croatia	2	3	0
2017	CZE	Czech Republic	4	13	25
2017	CZE	Czech Republic	205	319	61
2017	CZE	Czech Republic	16	21	
2017	DNK	Denmark	53	73	25
2017	DNK	Denmark	7	8	
2017	DOM	Dominican Republic	1	1	0
2017	ECU	Ecuador	2	8	0
2017	SLV	El Salvador	1	1	0
2017	EST	Estonia	41	100	68
2017	EST	Estonia	1	1	
2017	FIN	Finland	2	4	50
2017	FIN	Finland	36	58	69
2017	FIN	Finland	4	5	
2017	FRA	France	12	15	92
2017	FRA	France	5649	6566	63
2017	FRA	France	4	4	
2017	DEU	Germany	52	78	60
2017	DEU	Germany	7729	10674	56
2017	DEU	Germany	29	61	
2017	GRC	Greece	19	25	84
2017	GRC	Greece	106	148	40
2017	GRC	Greece	27	46	
2017	HKG	Hong Kong	4	6	25
2017	HKG	Hong Kong	115	139	44
2017	HUN	Hungary	81	126	0
2017	IND	India	7	16	29
2017	IND	India	3836	6327	54
2017	IND	India	15	78	
2017	IDN	Indonesia	7	14	0
2017	IRL	Ireland	2	4	100
2017	IRL	Ireland	53	80	28
2017	IRL	Ireland	61	95	
2017	ISR	Israel	102	106	60
2017	ISR	Israel	116	175	67
2017	ISR	Israel	13	25	
2017	ITA	Italy	10	13	50
2017	ITA	Italy	1189	1742	39
2017	ITA	Italy	15	26	
2017	JPN	Japan	7	8	57
2017	JPN	Japan	168	256	82
2017	JPN	Japan	15	27	
2017	JOR	Jordan	2	2	0
2017	JOR	Jordan	1	1	
2017	KEN	Kenya	1	1	0
2017	KEN	Kenya	1	2	0
2017	OSA	Kosovo	2	3	100
2017	OSA	Kosovo	1	1	
2017	LVA	Latvia	4	4	0
2017	LVA	Latvia	3	3	
2017	210	Liechtenstein	1	1	0
2017	LTU	Lithuania	3	4	100
2017	LTU	Lithuania	49	78	76
2017	LTU	Lithuania	1	1	
2017	LUX	Luxembourg	7	8	
2017	168	Macau	1	1	0
2017	MKD	Macedonia	2	2	0
2017	MYS	Malaysia	1	1	0
2017	174	Maldives	1	1	0
2017	173	Malta	94	108	23
2017	153	Mauritius	1	3	
2017	MEX	Mexico	1	2	0
2017	MEX	Mexico	239	384	42
2017	MEX	Mexico	1	1	
2017	MDA	Moldova	3	3	0
2017	NPL	Nepal	1	2	0
2017	NLD	Netherlands	12	20	83
2017	NLD	Netherlands	265	267	71
2017	NLD	Netherlands	24	32	
2017	NZL	New Zealand	2	2	50
2017	NZL	New Zealand	25	30	60
2017	NZL	New Zealand	7	11	
2017	NOR	Norway	94	138	66
2017	NOR	Norway	6	12	
2017	PAK	Pakistan	2	2	100
2017	PAK	Pakistan	6	10	0
2017	PAN	Panama	1	1	0
2017	PER	Peru	8	13	0
2017	PHL	Philippines	9	16	
2017	POL	Poland	22	29	50
2017	POL	Poland	426	611	39
2017	POL	Poland	8	19	
2017	PRT	Portugal	611	734	62
2017	PRT	Portugal	10	11	
2017	ROU	Romania	30	119	50
2017	RUS	Russia	318	531	10
2017	SAU	Saudi Arabia	4	10	100
2017	SRB	Serbia	9	12	44
2017	SRB	Serbia	2	5	0
2017	SGP	Singapore	1	1	0
2017	SGP	Singapore	229	310	62
2017	213	Saint Martin	1	1	100
2017	SVK	Slovakia	38	52	0
2017	SVN	Slovenia	1	1	0
2017	SVN	Slovenia	25	34	56
2017	SVN	Slovenia	9	16	
2017	ZAF	South Africa	3	3	67
2017	KOR	South Korea	3	3	67
2017	KOR	South Korea	486	4530	47
2017	KOR	South Korea	1	1	
2017	ESP	Spain	1	1	100
2017	ESP	Spain	1001	1430	43
2017	ESP	Spain	16	35	
2017	SWE	Sweden	1	1	100
2017	SWE	Sweden	139	200	75
2017	SWE	Sweden	3	5	
2017	CHE	Switzerland	2	2	100
2017	CHE	Switzerland	148	205	61
2017	CHE	Switzerland	14	21	
2017	TWN	Taiwan	190	261	51
2017	THA	Thailand	4	6	0
2017	TUR	Turkey	906	1117	0
2017	TUR	Turkey	5	7	
2017	UKR	Ukraine	3	3	33
2017	UKR	Ukraine	4	66	0
2017	ARE	United Arab Emirates	1	1	0
2017	ARE	United Arab Emirates	2	2	0
2017	GBR	United Kingdom	258	1026	85
2017	GBR	United Kingdom	3239	3965	70
2017	GBR	United Kingdom	115	175	
2017	USA	United States	475	806	80
2017	USA	United States	1533	4447	81
2017	USA	United States	284	621	97
2017	USA	United States	6907	15193	
2017	USA	United States	5201	10174	85
2017	USA	United States	9320	17642	78
2017	USA	United States	10	19	100
2017	URY	Uruguay	1	1	0
2017	URY	Uruguay	1	1	0
2017	VEN	Venezuela	1	1	0
2017	ARG	Argentina	3	12	33
2017	ARG	Argentina	566	901	60
2017	ARG	Argentina	47	76	
2017	AUS	Australia	7	10	71
2017	AUS	Australia	1460	2100	71
2017	AUS	Australia	69	77	
2017	AUT	Austria	7	9	43
2017	AUT	Austria	80	106	64
2017	AUT	Austria	1	1	
2017	BGD	Bangladesh	4	5	25
2017	BGD	Bangladesh	1	1	0
2017	BLR	Belarus	1	1	0
2017	BEL	Belgium	4	5	50
2017	BEL	Belgium	316	384	75
2017	BEL	Belgium	10	20	
2017	BRA	Brazil	6	20	33
2017	BRA	Brazil	1339	5041	62
2017	BRA	Brazil	35	105	
2017	BGR	Bulgaria	5	5	0
2017	CAN	Canada	40	46	73
2017	CAN	Canada	40	80	50
2017	CAN	Canada	77	157	
2017	CHL	Chile	162	291	57
2017	CHL	Chile	6	13	
2017	COL	Colombia	3	3	0
2017	COL	Colombia	33	42	0
2017	COL	Colombia	5	6	
2017	CRI	Costa Rica	1	1	0
2017	CRI	Costa Rica	16	22	
2017	CYP	Cyprus	1	2	
2017	CZE	Czech Republic	3	4	67
2017	CZE	Czech Republic	168	265	55
2017	CZE	Czech Republic	9	21	
2017	DNK	Denmark	28	44	39
2017	DNK	Denmark	6	9	
2017	DOM	Dominican Republic	1	1	0
2017	ECU	Ecuador	4	5	0
2017	SLV	El Salvador	3	3	0
2017	EST	Estonia	44	85	75
2017	EST	Estonia	3	4	
2017	FIN	Finland	2	9	50
2017	FIN	Finland	58	86	76
2017	FIN	Finland	10	15	
2017	FRA	France	10	11	60
2017	FRA	France	5832	7089	62
2017	DEU	Germany	55	99	60
2017	DEU	Germany	6905	10206	58
2017	DEU	Germany	32	67	
2017	GRC	Greece	14	15	86
2017	GRC	Greece	145	186	30
2017	GRC	Greece	38	50	
2017	GIN	Guinea	1	1	0
2017	HKG	Hong Kong	2	3	100
2017	HKG	Hong Kong	124	147	56
2017	HUN	Hungary	1	1	0
2017	HUN	Hungary	56	72	0
2017	HUN	Hungary	1	1	
2017	IND	India	9	40	11
2017	IND	India	4499	8549	58
2017	IND	India	11	73	
2017	IDN	Indonesia	1	1	0
2017	IRL	Ireland	4	4	25
2017	IRL	Ireland	32	48	47
2017	IRL	Ireland	39	47	
2017	ISR	Israel	106	107	74
2017	ISR	Israel	168	256	68
2017	ISR	Israel	13	19	
2017	ITA	Italy	5	7	80
2017	ITA	Italy	1064	1459	39
2017	ITA	Italy	16	30	
2017	JPN	Japan	11	16	55
2017	JPN	Japan	178	283	79
2017	JPN	Japan	23	79	
2017	JOR	Jordan	1	2	100
2017	JOR	Jordan	1	1	0
2017	KEN	Kenya	2	2	0
2017	OSA	Kosovo	1	1	100
2017	OSA	Kosovo	1	1	
2017	KWT	Kuwait	2	2	50
2017	LVA	Latvia	3	3	0
2017	LVA	Latvia	1	1	
2017	LBN	Lebanon	1	2	0
2017	LTU	Lithuania	2	2	50
2017	LTU	Lithuania	57	135	81
2017	LTU	Lithuania	7	58	
2017	LUX	Luxembourg	1	1	0
2017	LUX	Luxembourg	4	4	
2017	MKD	Macedonia	8	11	0
2017	MKD	Macedonia	2	2	
2017	MYS	Malaysia	1	1	0
2017	173	Malta	57	68	14
2017	MEX	Mexico	219	375	54
2017	212	Monaco	5	7	20
2017	212	Monaco	1	1	
2017	MNE	Montenegro	1	1	0
2017	NLD	Netherlands	9	12	56
2017	NLD	Netherlands	338	362	61
2017	NLD	Netherlands	21	21	
2017	NZL	New Zealand	2	2	0
2017	NZL	New Zealand	29	43	59
2017	NZL	New Zealand	8	30	
2017	NOR	Norway	1	1	100
2017	NOR	Norway	68	93	41
2017	NOR	Norway	4	12	
2017	PAK	Pakistan	22	26	77
2017	PAK	Pakistan	5	8	0
2017	PRY	Paraguay	4	6	0
2017	PER	Peru	10	21	0
2017	PHL	Philippines	2	2	50
2017	PHL	Philippines	1	1	0
2017	PHL	Philippines	3	3	
2017	POL	Poland	22	51	59
2017	POL	Poland	685	918	35
2017	POL	Poland	8	14	
2017	PRT	Portugal	610	721	64
2017	PRT	Portugal	12	12	
2017	ROU	Romania	32	107	41
2017	RUS	Russia	330	603	8
2017	SAU	Saudi Arabia	1	7	0
2017	SRB	Serbia	1	1	0
2017	SGP	Singapore	3	3	100
2017	SGP	Singapore	267	320	66
2017	SVK	Slovakia	24	29	0
2017	SVN	Slovenia	22	27	55
2017	SVN	Slovenia	2	3	
2017	ZAF	South Africa	1	2	0
2017	ZAF	South Africa	3	37	
2017	KOR	South Korea	2	8	0
2017	KOR	South Korea	570	1433	46
2017	ESP	Spain	817	1206	47
2017	ESP	Spain	14	31	
2017	LKA	Sri Lanka	1	1	0
2017	LKA	Sri Lanka	1	3	
2017	SWE	Sweden	3	4	33
2017	SWE	Sweden	113	154	75
2017	SWE	Sweden	20	37	
2017	CHE	Switzerland	4	7	50
2017	CHE	Switzerland	206	370	58
2017	CHE	Switzerland	29	91	
2017	TWN	Taiwan	352	546	32
2017	THA	Thailand	5	6	0
2017	TUR	Turkey	1	2	100
2017	TUR	Turkey	510	596	0
2017	UKR	Ukraine	2	6	0
2017	GBR	United Kingdom	529	1794	89
2017	GBR	United Kingdom	3244	4236	70
2017	GBR	United Kingdom	89	194	
2017	USA	United States	437	734	77
2017	USA	United States	1334	4568	81
2017	USA	United States	281	744	94
2017	USA	United States	6971	16183	
2017	USA	United States	5182	10237	86
2017	USA	United States	8816	18456	79
2017	USA	United States	4	8	100
2017	URY	Uruguay	2	2	0
